url_path,views_total,views_unique
/EarthSciML/AtmosphericDeposition.jl/blob/main/docs/src/wesley1989.md,4,4
/EarthSciML/AtmosphericDeposition.jl/blob/main/docs/Project.toml,2,1
/EarthSciML/AtmosphericDeposition.jl/actions/workflows/CompatHelper.yml,1,1
/EarthSciML/AtmosphericDeposition.jl/branches,1,1
/EarthSciML/AtmosphericDeposition.jl/compare/05b39d1570098c08add82d4347374b19b12e84e3..1aa17d883921ab54868aa206b13a8176f0b08cca,1,1
/EarthSciML/AtmosphericDeposition.jl/pull/160,1,1
/EarthSciML/AtmosphericDeposition.jl/pull/160/changes/fa8759e491f2d02e48842773588b1ba0877bc7d8,1,1
/EarthSciML/AtmosphericDeposition.jl/pull/26/files,1,1
/EarthSciML/AtmosphericDeposition.jl/pull/34,1,1
/EarthSciML/AtmosphericDeposition.jl/pulls,1,1
